,Datum,mean
0,2021-07-05,76.66
1,2021-07-02,75.759995
2,2021-07-01,75.41499
3,2021-06-30,75.0125
4,2021-06-29,74.59
5,2021-06-28,75.392494
6,2021-06-25,75.7675
7,2021-06-24,75.29
8,2021-06-23,75.415
9,2021-06-22,74.847496
10,2021-06-21,74.1175
11,2021-06-18,73.0375
12,2021-06-17,73.350006
13,2021-06-16,74.42
14,2021-06-15,73.542496
15,2021-06-14,73.06
16,2021-06-11,72.67999
17,2021-06-10,72.04
18,2021-06-09,72.3075
19,2021-06-08,71.42
20,2021-06-07,71.4925
21,2021-06-04,71.6725
22,2021-06-03,71.325005
23,2021-06-02,70.9
24,2021-06-01,70.4525
25,2021-05-31,69.415
26,2021-05-28,69.555
27,2021-05-27,68.69
28,2021-05-26,68.71751
29,2021-05-25,68.435
30,2021-05-24,67.942505
31,2021-05-21,65.825
32,2021-05-20,66.035
33,2021-05-19,67.082504
34,2021-05-18,68.987495
35,2021-05-17,69.0225
36,2021-05-14,67.7075
37,2021-05-13,67.385
38,2021-05-12,69.240005
39,2021-05-11,68.0775
40,2021-05-10,68.3925
41,2021-05-07,68.1
42,2021-05-06,68.6275
43,2021-05-05,69.07
44,2021-05-04,68.1775
45,2021-05-03,67.067505
46,2021-04-30,67.75751
47,2021-04-29,68.135
48,2021-04-28,66.96
49,2021-04-27,66.0925
50,2021-04-26,65.485
51,2021-04-23,65.8
52,2021-04-22,65.14
53,2021-04-21,65.8
54,2021-04-20,66.94
55,2021-04-19,66.775
56,2021-04-16,66.945
57,2021-04-15,66.6275
58,2021-04-14,65.590004
59,2021-04-13,63.707497
60,2021-04-12,63.15
61,2021-04-09,62.9425
62,2021-04-08,62.9175
63,2021-04-07,62.784996
64,2021-04-06,63.057495
65,2021-04-01,63.9075
66,2021-03-31,64.155
67,2021-03-30,64.36
68,2021-03-29,64.37
69,2021-03-26,63.83
70,2021-03-25,62.5475
71,2021-03-24,62.93
72,2021-03-23,62.225
73,2021-03-22,64.2975
74,2021-03-19,63.535004
75,2021-03-18,65.99
76,2021-03-17,68.130005
77,2021-03-16,68.25
78,2021-03-15,69.135
79,2021-03-12,69.4025
80,2021-03-11,68.8975
81,2021-03-10,67.66
82,2021-03-09,68.07
83,2021-03-08,69.015
84,2021-03-05,68.575005
85,2021-03-04,65.675
86,2021-03-03,63.635
87,2021-03-02,63.28
88,2021-03-01,64.4875
89,2021-02-26,66.167496
90,2021-02-25,67.1325
91,2021-02-24,66.2525
92,2021-02-23,65.6225
93,2021-02-22,64.1275
94,2021-02-19,63.117504
95,2021-02-18,64.15
96,2021-02-17,64.0125
97,2021-02-16,63.185
98,2021-02-15,63.332497
99,2021-02-12,61.627502
100,2021-02-11,61.165
101,2021-02-10,61.260002
102,2021-02-09,60.8525
103,2021-02-08,60.2325
104,2021-02-05,59.417503
105,2021-02-04,58.715
106,2021-02-03,58.2675
107,2021-02-02,57.309998
108,2021-02-01,55.85
109,2021-01-29,55.77
110,2021-01-28,55.8
111,2021-01-27,55.93
112,2021-01-26,55.8125
113,2021-01-25,55.605
114,2021-01-22,55.237495
115,2021-01-21,55.905003
116,2021-01-20,56.2425
117,2021-01-19,55.6225
118,2021-01-18,54.822502
119,2021-01-15,55.32
120,2021-01-14,56.065002
121,2021-01-13,56.475
122,2021-01-12,56.3
123,2021-01-11,55.43
124,2021-01-08,55.145
125,2021-01-07,54.475
126,2021-01-06,54.1
127,2021-01-05,52.372498
128,2021-01-04,52.1225
129,2020-12-31,51.4275
130,2020-12-30,51.3125
131,2020-12-29,51.285
132,2020-12-28,51.4425
133,2020-12-23,50.62
134,2020-12-22,50.275
135,2020-12-21,50.302498
136,2020-12-18,51.815002
137,2020-12-17,51.447502
138,2020-12-16,50.775
139,2020-12-15,50.345
140,2020-12-14,50.1625
141,2020-12-11,50.254997
142,2020-12-10,49.895
143,2020-12-09,48.92
144,2020-12-08,48.6875
145,2020-12-07,48.94
146,2020-12-04,49.4025
147,2020-12-03,48.462498
148,2020-12-02,47.877502
149,2020-12-01,47.55
150,2020-11-30,47.477497
151,2020-11-27,47.87
152,2020-11-26,47.9375
153,2020-11-25,48.4425
154,2020-11-24,47.1025
155,2020-11-23,45.7675
156,2020-11-20,44.5275
157,2020-11-19,44.15
158,2020-11-18,44.3425
159,2020-11-17,43.684998
160,2020-11-16,43.84
161,2020-11-13,42.9875
162,2020-11-12,43.8175
163,2020-11-11,44.489998
164,2020-11-10,42.955
165,2020-11-09,41.665
166,2020-11-06,40.045
167,2020-11-05,40.9625
168,2020-11-04,40.5025
169,2020-11-03,39.7025
170,2020-11-02,37.574997
171,2020-10-30,37.552498
172,2020-10-29,37.63
173,2020-10-28,39.577496
174,2020-10-27,40.92
175,2020-10-26,40.5575
176,2020-10-23,42.035
177,2020-10-22,42.18
178,2020-10-21,42.1375
179,2020-10-20,42.59
180,2020-10-19,42.9275
181,2020-10-16,42.765
182,2020-10-15,42.74
183,2020-10-14,42.7575
184,2020-10-13,42.1825
185,2020-10-12,41.9675
186,2020-10-09,43.0925
187,2020-10-08,42.8475
188,2020-10-07,41.975
189,2020-10-06,42.055
190,2020-10-05,40.752502
191,2020-10-02,39.485
192,2020-10-01,41.33
193,2020-09-30,40.682503
194,2020-09-29,41.415
195,2020-09-28,41.9775
196,2020-09-25,41.980003
197,2020-09-24,41.6825
198,2020-09-23,41.770004
199,2020-09-22,41.6375
200,2020-09-21,41.864998
201,2020-09-18,43.275
202,2020-09-17,42.49
203,2020-09-16,41.695
204,2020-09-15,40.0975
205,2020-09-14,39.775
206,2020-09-11,39.83
207,2020-09-10,40.4325
208,2020-09-09,40.38
209,2020-09-08,40.684998
210,2020-09-07,42.079998
211,2020-09-04,43.2975
212,2020-09-03,43.9225
213,2020-09-02,45.1375
214,2020-09-01,45.79
215,2020-08-31,45.9725
216,2020-08-28,45.037502
217,2020-08-27,45.260002
218,2020-08-26,45.86
219,2020-08-25,45.59
220,2020-08-24,44.815
221,2020-08-21,44.335
222,2020-08-20,44.722504
223,2020-08-19,45.1725
224,2020-08-18,45.232502
225,2020-08-17,45.0475
226,2020-08-14,44.715
227,2020-08-13,45.184998
228,2020-08-12,45.1625
229,2020-08-11,45.105
230,2020-08-10,44.985
231,2020-08-07,44.71
232,2020-08-06,45.25
233,2020-08-05,45.172504
234,2020-08-04,44.205
235,2020-08-03,43.692497
236,2020-07-31,43.239998
237,2020-07-30,42.7425
238,2020-07-29,43.635
239,2020-07-28,43.3425
240,2020-07-27,43.177498
241,2020-07-24,43.207497
242,2020-07-23,44.225002
243,2020-07-22,44.105003
244,2020-07-21,44.0525
245,2020-07-20,42.965
246,2020-07-17,43.105003
247,2020-07-16,43.54
248,2020-07-15,43.37
249,2020-07-14,42.489998
250,2020-07-13,42.917496
251,2020-07-10,42.515
252,2020-07-09,42.715
253,2020-07-08,43.182503
254,2020-07-07,42.940002
255,2020-07-06,43.510002
256,2020-07-03,42.6675
257,2020-07-02,42.530003
258,2020-07-01,41.96
259,2020-06-30,41.25
260,2020-06-29,41.015
261,2020-06-26,41.0075
262,2020-06-25,40.4225
263,2020-06-24,41.4225
264,2020-06-23,43.0425
265,2020-06-22,42.425
266,2020-06-19,42.035
267,2020-06-18,41.0425
268,2020-06-17,40.7625
269,2020-06-16,40.395
270,2020-06-15,38.475
271,2020-06-12,38.1425
272,2020-06-11,39.4375
273,2020-06-10,40.912502
274,2020-06-09,40.5375
275,2020-06-08,41.9
276,2020-06-05,41.3725
277,2020-06-04,39.54
278,2020-06-03,39.7325
279,2020-06-02,39.1
280,2020-05-29,34.6575
281,2020-05-28,34.8
282,2020-05-27,35.14
283,2020-05-26,35.955
284,2020-05-25,35.4025
285,2020-05-22,34.572502
286,2020-05-21,36.1725
287,2020-05-20,35.2675
288,2020-05-19,34.87
289,2020-05-18,34.525
290,2020-05-15,32.1675
291,2020-05-14,30.357502
292,2020-05-13,29.4725
293,2020-05-12,30.127499
294,2020-05-11,30.2225
295,2020-05-08,30.119999
296,2020-05-07,30.0825
297,2020-05-06,30.185001
298,2020-05-05,29.8475
299,2020-05-04,26.3
300,2020-04-30,24.7525
301,2020-04-29,22.1975
302,2020-04-28,20.11
303,2020-04-27,20.197498
304,2020-04-24,21.650002
305,2020-04-23,22.0325
306,2020-04-22,19.2625
307,2020-04-21,19.6475
308,2020-04-20,26.7575
309,2020-04-17,28.235
310,2020-04-16,27.809998
311,2020-04-15,28.36
312,2020-04-14,30.447498
313,2020-04-09,33.704998
314,2020-04-08,32.217503
315,2020-04-07,33.09
316,2020-04-06,33.114998
317,2020-04-03,32.302498
318,2020-04-02,29.0275
319,2020-04-01,25.077501
320,2020-03-31,23.134998
321,2020-03-30,22.447498
322,2020-03-27,25.2175
323,2020-03-26,26.6775
324,2020-03-25,27.119999
325,2020-03-24,27.592499
326,2020-03-23,26.3325
327,2020-03-20,28.81
328,2020-03-19,27.57
329,2020-03-18,26.7175
330,2020-03-17,29.3825
331,2020-03-16,30.3925
332,2020-03-13,34.315002
333,2020-03-12,33.4175
334,2020-03-11,36.0375
335,2020-03-10,37.11
336,2020-03-09,35.29
337,2020-03-06,47.4575
338,2020-03-05,50.872498
339,2020-03-04,51.895
340,2020-03-03,52.315
341,2020-03-02,51.5
342,2020-02-28,50.752502
343,2020-02-27,52.105
344,2020-02-26,53.954998
345,2020-02-25,55.9225
346,2020-02-24,56.052498
347,2020-02-21,58.345
348,2020-02-20,59.307503
349,2020-02-19,58.6775
350,2020-02-18,57.045
351,2020-02-17,57.3975
352,2020-02-14,56.8675
353,2020-02-13,55.767498
354,2020-02-12,55.574997
355,2020-02-11,54.085
356,2020-02-10,53.7275
357,2020-02-07,54.767498
358,2020-02-06,54.99
359,2020-02-05,55.114998
360,2020-02-04,54.7725
361,2020-02-03,55.532497
362,2020-01-31,58.497498
363,2020-01-30,58.37
364,2020-01-29,59.855
365,2020-01-28,59.282497
366,2020-01-27,59.2775
367,2020-01-24,61.3325
368,2020-01-23,61.99
369,2020-01-22,63.712498
370,2020-01-21,64.6075
371,2020-01-20,65.2175
372,2020-01-17,64.76
373,2020-01-16,64.46
374,2020-01-15,64.09
375,2020-01-14,64.5
376,2020-01-13,64.64751
377,2020-01-10,65.275
378,2020-01-09,65.4925
379,2020-01-08,66.8575
380,2020-01-07,68.2625
381,2020-01-06,69.4375
382,2020-01-03,68.41
383,2020-01-02,66.1325
384,2019-12-31,66.905
385,2019-12-30,68.46
386,2019-12-27,68.025
387,2019-12-23,66.2475
388,2019-12-20,66.29
389,2019-12-19,66.365
390,2019-12-18,65.9925
391,2019-12-17,65.7175
392,2019-12-16,65.3625
393,2019-12-13,64.8975
394,2019-12-12,64.27
395,2019-12-11,63.760002
396,2019-12-10,64.2475
397,2019-12-09,64.0875
398,2019-12-06,63.7975
399,2019-12-05,63.2575
400,2019-12-04,62.2425
401,2019-12-03,60.9825
402,2019-12-02,61.2175
403,2019-11-29,63.1
404,2019-11-28,63.71
405,2019-11-27,64.095
406,2019-11-26,63.9125
407,2019-11-25,63.524998
408,2019-11-22,63.67
409,2019-11-21,62.95
410,2019-11-20,61.475002
411,2019-11-19,61.597504
412,2019-11-18,62.747498
413,2019-11-15,62.800003
414,2019-11-14,62.65
415,2019-11-13,62.0425
416,2019-11-12,62.3125
417,2019-11-11,62.1175
418,2019-11-08,61.934998
419,2019-11-07,62.2675
420,2019-11-06,62.285
421,2019-11-05,62.620003
422,2019-11-04,61.9675
423,2019-11-01,60.6
424,2019-10-31,60.58
425,2019-10-30,61.1575
426,2019-10-29,61.335
427,2019-10-28,61.725002
428,2019-10-25,61.6475
429,2019-10-24,61.3025
430,2019-10-23,60.170002
431,2019-10-22,59.59
432,2019-10-21,59.067497
433,2019-10-18,59.59
434,2019-10-17,59.399998
435,2019-10-16,59.105
436,2019-10-15,58.9125
437,2019-10-14,59.3975
438,2019-10-11,60.232502
439,2019-10-10,58.6525
440,2019-10-09,58.4025
441,2019-10-08,58.245003
442,2019-10-07,58.65
443,2019-10-04,58.2
444,2019-10-03,57.317505
445,2019-10-02,58.28
446,2019-10-01,59.217503
447,2019-09-30,61.1825
448,2019-09-27,61.9325
449,2019-09-26,62.324997
450,2019-09-25,62.155
451,2019-09-24,63.37
452,2019-09-23,64.34
453,2019-09-20,64.6975
454,2019-09-19,64.310005
455,2019-09-18,63.9875
456,2019-09-17,66.43
457,2019-09-16,66.955
458,2019-09-13,60.2225
459,2019-09-12,60.365
460,2019-09-11,61.91
461,2019-09-10,62.7525
462,2019-09-09,62.347496
463,2019-09-06,60.934998
464,2019-09-05,61.005
465,2019-09-04,59.612503
466,2019-09-03,58.09
467,2019-09-02,58.765
468,2019-08-30,60.6225
469,2019-08-29,60.645
470,2019-08-28,60.2725
471,2019-08-27,59.117496
472,2019-08-26,59.190002
473,2019-08-23,59.445
474,2019-08-22,60.122498
475,2019-08-21,60.542503
476,2019-08-20,59.737503
477,2019-08-19,59.4625
478,2019-08-16,58.825
479,2019-08-15,58.6825
480,2019-08-14,59.7975
481,2019-08-13,59.739998
482,2019-08-12,58.415
483,2019-08-09,58.0425
484,2019-08-08,57.4875
485,2019-08-07,57.7575
486,2019-08-06,59.635002
487,2019-08-05,60.482502
488,2019-08-02,61.815
489,2019-08-01,62.53
490,2019-07-31,65.1675
491,2019-07-30,64.485
492,2019-07-29,63.39
493,2019-07-26,63.45
494,2019-07-25,63.517498
495,2019-07-24,63.5975
496,2019-07-23,63.572502
497,2019-07-22,63.415
498,2019-07-19,62.56
499,2019-07-18,63.004997
500,2019-07-17,64.24
501,2019-07-16,65.5925
502,2019-07-15,66.64
503,2019-07-12,66.895
504,2019-07-11,67.052505
505,2019-07-10,66.0675
506,2019-07-09,64.225
507,2019-07-08,64.2775
508,2019-07-05,63.760002
509,2019-07-04,63.3
510,2019-07-03,63.1425
511,2019-07-02,63.890003
512,2019-07-01,65.675
513,2019-06-28,66.4325
514,2019-06-27,66.175
515,2019-06-26,66.21
516,2019-06-25,64.8925
517,2019-06-24,65.0775
518,2019-06-21,65.1775
519,2019-06-20,63.9375
520,2019-06-19,62.16
521,2019-06-18,61.4475
522,2019-06-17,61.405003
523,2019-06-14,61.704998
524,2019-06-13,61.677498
525,2019-06-12,60.4875
526,2019-06-11,62.415
527,2019-06-10,62.9225
528,2019-06-07,62.802498
529,2019-06-06,61.46
530,2019-06-05,46.114998
531,2019-06-04,61.305
532,2019-06-03,61.6375
533,2019-05-31,65.222496
534,2019-05-30,68.1525
535,2019-05-29,69.14
536,2019-05-28,69.947495
537,2019-05-27,69.335
538,2019-05-24,68.524994
539,2019-05-23,68.995
540,2019-05-22,71.21
541,2019-05-21,72.11
542,2019-05-20,72.5225
543,2019-05-17,72.4325
544,2019-05-16,72.485
545,2019-05-15,71.3975
546,2019-05-14,70.79
547,2019-05-13,70.840004
548,2019-05-10,70.715
549,2019-05-09,70.0
550,2019-05-08,70.130005
551,2019-05-07,70.22
552,2019-05-06,70.6175
553,2019-05-03,70.6925
554,2019-05-02,70.94
555,2019-04-30,72.560005
556,2019-04-29,71.8675
557,2019-04-26,72.8625
558,2019-04-25,74.7025
559,2019-04-24,74.350006
560,2019-04-23,74.39
561,2019-04-18,71.665
562,2019-04-17,71.815
563,2019-04-16,71.2925
564,2019-04-15,71.09499
565,2019-04-12,71.33
566,2019-04-11,71.1275
567,2019-04-10,71.21999
568,2019-04-09,70.82
569,2019-04-08,70.82
570,2019-04-05,69.7475
571,2019-04-04,69.31
572,2019-04-03,69.4875
573,2019-04-02,69.195
574,2019-04-01,68.68
575,2019-03-29,68.295
576,2019-03-28,67.5175
577,2019-03-27,67.8625
578,2019-03-26,67.7975
579,2019-03-25,67.0775
580,2019-03-22,67.015
581,2019-03-21,68.0375
582,2019-03-20,67.917496
583,2019-03-19,67.7075
584,2019-03-18,67.322495
585,2019-03-15,67.10249
586,2019-03-14,67.585
587,2019-03-13,67.295
588,2019-03-12,66.942505
589,2019-03-11,66.4725
590,2019-03-08,65.31
591,2019-03-07,66.2475
592,2019-03-06,65.7275
593,2019-03-05,65.57
594,2019-03-04,65.6
595,2019-03-01,65.8
596,2019-02-28,65.9675
597,2019-02-27,65.9525
598,2019-02-26,65.105
599,2019-02-25,65.8325
600,2019-02-22,67.2025
601,2019-02-21,67.0175
602,2019-02-20,66.6075
603,2019-02-19,66.307495
604,2019-02-18,66.4575
605,2019-02-15,65.5025
606,2019-02-14,64.259995
607,2019-02-13,63.3525
608,2019-02-12,62.35
609,2019-02-11,61.5975
610,2019-02-08,61.765
611,2019-02-07,61.8725
612,2019-02-06,62.050003
613,2019-02-05,62.355
614,2019-02-04,62.6875
615,2019-02-01,61.762497
616,2019-01-31,61.9725
617,2019-01-30,61.8525
618,2019-01-29,60.645
619,2019-01-28,60.2025
620,2019-01-25,61.4125
621,2019-01-24,60.935
622,2019-01-23,61.2925
623,2019-01-22,61.670002
624,2019-01-21,62.725002
625,2019-01-18,62.2175
626,2019-01-17,60.915
627,2019-01-16,60.9
628,2019-01-15,60.05
629,2019-01-14,59.602497
630,2019-01-11,61.265
631,2019-01-10,61.095
632,2019-01-09,60.3675
633,2019-01-08,58.085
634,2019-01-07,57.975
635,2019-01-04,57.2025
636,2019-01-03,55.127502
637,2019-01-02,54.3325
638,2018-12-31,54.4075
639,2018-12-28,52.6575
640,2018-12-27,53.1975
641,2018-12-21,54.0425
642,2018-12-20,55.38
643,2018-12-19,56.86
644,2018-12-18,57.3875
645,2018-12-17,59.7525
646,2018-12-14,60.662502
647,2018-12-13,60.817497
648,2018-12-12,60.5625
649,2018-12-11,60.215
650,2018-12-10,60.605
651,2018-12-07,61.1375
652,2018-12-06,60.2825
653,2018-12-05,61.7125
654,2018-12-04,62.299995
655,2018-12-03,61.690002
656,2018-11-30,59.092503
657,2018-11-29,58.949997
658,2018-11-28,59.70005
659,2018-11-27,60.2394
660,2018-11-26,60.322548
661,2018-11-23,60.4161
662,2018-11-22,62.91955
663,2018-11-21,63.496624
664,2018-11-20,64.31642
665,2018-11-19,66.654
666,2018-11-16,67.267624
667,2018-11-15,66.552704
668,2018-11-14,66.19582
669,2018-11-13,67.34753
670,2018-11-12,71.04963
671,2018-11-09,69.881195
672,2018-11-08,71.77463
673,2018-11-07,72.210625
674,2018-11-06,72.31908
675,2018-11-05,73.0934
676,2018-11-02,72.82995
677,2018-11-01,73.709305
678,2018-10-31,76.1114
679,2018-10-30,76.3808
680,2018-10-29,77.144196
681,2018-10-26,76.88755
682,2018-10-25,76.26663
683,2018-10-24,76.43848
684,2018-10-23,77.7641
685,2018-10-22,79.92398
686,2018-10-19,79.9651
687,2018-10-18,79.48075
688,2018-10-17,80.652374
689,2018-10-16,80.94678
690,2018-10-15,80.769394
691,2018-10-12,80.53055
692,2018-10-11,81.39908
693,2018-10-10,84.086525
694,2018-10-09,84.709724
695,2018-10-08,83.3834
696,2018-10-05,84.6219
697,2018-10-04,85.307526
698,2018-10-03,85.42255
699,2018-10-02,84.84848
700,2018-10-01,83.69818
701,2018-09-28,82.23815
702,2018-09-27,81.92653
703,2018-09-26,81.636826
704,2018-09-25,81.8017
705,2018-09-24,80.50415
706,2018-09-21,78.96573
707,2018-09-20,79.14212
708,2018-09-19,79.14033
709,2018-09-18,78.39985
710,2018-09-17,78.215576
711,2018-09-14,78.16875
712,2018-09-13,78.77565
713,2018-09-12,79.4547
714,2018-09-11,78.44022
715,2018-09-10,77.41008
716,2018-09-07,76.611595
717,2018-09-06,76.828156
718,2018-09-05,77.419525
719,2018-09-04,78.538925
720,2018-09-03,78.04535
721,2018-08-31,77.4348
722,2018-08-30,77.597755
723,2018-08-29,76.5371
724,2018-08-28,76.242546
725,2018-08-27,75.92865
726,2018-08-24,75.558426
727,2018-08-23,74.58945
728,2018-08-22,73.924324
729,2018-08-21,72.432
730,2018-08-20,72.135
731,2018-08-17,71.7787
732,2018-08-16,71.07941
733,2018-08-15,71.47747
734,2018-08-14,72.94875
735,2018-08-13,72.24667
736,2018-08-10,72.278076
737,2018-08-09,72.21685
738,2018-08-08,73.3217
739,2018-08-07,74.42262
740,2018-08-06,73.7183
741,2018-08-03,73.24825
742,2018-08-02,72.93977
743,2018-08-01,73.2201
744,2018-07-31,74.521774
745,2018-07-30,74.70265
746,2018-07-27,74.310425
747,2018-07-26,74.39322
748,2018-07-25,73.832
749,2018-07-24,73.330505
750,2018-07-23,73.21222
751,2018-07-20,72.93713
752,2018-07-19,72.67773
753,2018-07-18,72.28825
754,2018-07-17,71.9225
755,2018-07-16,73.39877
756,2018-07-13,74.56695
757,2018-07-12,74.135124
758,2018-07-11,76.3376
759,2018-07-10,78.8644
760,2018-07-09,77.87935
761,2018-07-06,77.02127
762,2018-07-05,77.84383
763,2018-07-04,78.01532
764,2018-07-03,77.65107
765,2018-07-02,77.96875
766,2018-06-29,78.6286
767,2018-06-28,77.65437
768,2018-06-27,77.1126
769,2018-06-26,75.473305
770,2018-06-25,74.57695
771,2018-06-22,74.4954
772,2018-06-21,73.536575
773,2018-06-20,74.93628
774,2018-06-19,74.92337
775,2018-06-18,74.1903
776,2018-06-15,74.48565
777,2018-06-14,76.24361
778,2018-06-13,76.021095
779,2018-06-12,76.321526
780,2018-06-11,76.185104
781,2018-06-08,76.61505
782,2018-06-07,76.48735
783,2018-06-06,75.61165
784,2018-06-05,75.0716
785,2018-06-04,76.05747
786,2018-06-01,77.14245
787,2018-05-31,77.59108
788,2018-05-30,76.48075
789,2018-05-29,75.371124
790,2018-05-28,75.323204
791,2018-05-25,77.2432
792,2018-05-24,79.06013
793,2018-05-23,79.18797
794,2018-05-22,79.6662
795,2018-05-21,78.9842
796,2018-05-18,79.05228
797,2018-05-17,79.59498
798,2018-05-16,78.60685
799,2018-05-15,78.4247
800,2018-05-14,77.51253
801,2018-05-11,77.18825
802,2018-05-10,77.38477
803,2018-05-09,76.94758
804,2018-05-08,75.1346
805,2018-05-07,75.54773
806,2018-05-04,74.18202
807,2018-05-03,73.405
808,2018-05-02,73.12042
809,2018-05-01,74.16475
810,2018-04-30,74.5382
811,2018-04-27,74.56255
812,2018-04-26,74.551895
813,2018-04-25,73.803375
814,2018-04-24,74.547295
815,2018-04-23,74.30535
816,2018-04-20,73.62773
817,2018-04-19,73.938705
818,2018-04-18,72.96562
819,2018-04-17,71.4909
820,2018-04-16,71.58488
821,2018-04-13,72.18323
822,2018-04-12,71.74709
823,2018-04-11,71.55713
824,2018-04-10,70.369804
825,2018-04-09,67.99352
826,2018-04-06,67.58545
827,2018-04-05,68.3329
828,2018-04-04,67.76897
829,2018-04-03,68.05488
830,2018-03-29,69.86548
831,2018-03-28,69.64046
832,2018-03-27,70.0847
833,2018-03-26,70.12895
834,2018-03-23,69.752525
835,2018-03-22,69.0417
836,2018-03-21,68.6621
837,2018-03-20,67.08099
838,2018-03-19,66.00915
839,2018-03-16,65.64323
840,2018-03-15,64.97025
841,2018-03-14,64.66653
842,2018-03-13,64.81577
843,2018-03-12,65.0107
844,2018-03-09,64.67305
845,2018-03-08,64.0596
846,2018-03-07,64.843094
847,2018-03-06,65.7221
848,2018-03-05,65.040634
849,2018-03-02,64.04794
850,2018-03-01,64.35207
851,2018-02-28,66.10935
852,2018-02-27,66.9504
853,2018-02-26,67.37517
854,2018-02-23,66.66173
855,2018-02-22,65.6039
856,2018-02-21,65.048325
857,2018-02-20,65.28685
858,2018-02-19,65.4237
859,2018-02-16,64.7068
860,2018-02-15,64.22525
861,2018-02-14,63.368256
862,2018-02-13,62.6738
863,2018-02-12,63.2565
864,2018-02-09,63.379204
865,2018-02-08,64.793076
866,2018-02-07,66.54993
867,2018-02-06,67.0706
868,2018-02-05,67.808426
869,2018-02-02,69.05515
870,2018-02-01,69.353
871,2018-01-31,68.83577
872,2018-01-30,68.91118
873,2018-01-29,69.8325
874,2018-01-26,70.35193
875,2018-01-25,70.5924
876,2018-01-24,70.251076
877,2018-01-23,69.696144
878,2018-01-22,68.971924
879,2018-01-19,68.68278
880,2018-01-18,69.2106
881,2018-01-17,69.12255
882,2018-01-16,69.53227
883,2018-01-15,69.99655
884,2018-01-12,69.35208
885,2018-01-11,69.32683
886,2018-01-10,69.085846
887,2018-01-09,68.43661
888,2018-01-08,67.748726
889,2018-01-05,67.69408
890,2018-01-04,67.97167
891,2018-01-03,67.17023
892,2018-01-02,66.70665
893,2017-12-29,66.58862
894,2017-12-28,66.53315
895,2017-12-27,66.54022
896,2017-12-22,64.85112
897,2017-12-21,64.5893
898,2017-12-20,64.20868
899,2017-12-19,63.640522
900,2017-12-18,63.487
901,2017-12-15,63.3517
902,2017-12-14,62.9296
903,2017-12-13,63.300026
904,2017-12-12,64.45235
905,2017-12-11,63.99625
906,2017-12-08,62.88363
907,2017-12-07,61.738846
908,2017-12-06,62.023125
909,2017-12-05,62.605976
910,2017-12-04,62.89165
911,2017-12-01,63.47455
912,2017-11-30,63.585377
913,2017-11-29,63.274548
914,2017-11-28,63.566727
915,2017-11-27,63.6524
916,2017-11-24,63.58765
917,2017-11-23,63.220024
918,2017-11-22,63.14628
919,2017-11-21,62.472126
920,2017-11-20,62.193924
921,2017-11-17,62.05858
922,2017-11-16,61.732025
923,2017-11-15,61.72785
924,2017-11-14,62.304577
925,2017-11-13,63.2118
926,2017-11-10,63.738224
927,2017-11-09,63.710075
928,2017-11-08,63.609627
929,2017-11-07,64.0491
930,2017-11-06,63.392128
931,2017-11-03,61.464325
932,2017-11-02,60.54603
933,2017-11-01,60.85285
934,2017-10-31,60.984722
935,2017-10-30,60.666424
936,2017-10-27,59.785175
937,2017-10-26,58.807175
938,2017-10-25,58.352776
939,2017-10-24,57.812347
940,2017-10-23,57.625572
941,2017-10-20,57.3563
942,2017-10-19,57.6128
943,2017-10-18,58.162827
944,2017-10-17,57.82985
945,2017-10-16,57.91405
946,2017-10-13,57.057823
947,2017-10-12,56.386528
948,2017-10-11,56.655552
949,2017-10-10,56.295147
950,2017-10-09,55.59175
951,2017-10-06,56.21905
952,2017-10-05,56.484547
953,2017-10-04,55.7603
954,2017-10-02,56.21
955,2017-09-29,57.448826
956,2017-09-28,57.659077
957,2017-09-27,58.11245
958,2017-09-26,58.434875
959,2017-09-25,57.878
960,2017-09-22,56.600548
961,2017-09-21,56.180725
962,2017-09-20,55.855827
963,2017-09-19,55.379253
964,2017-09-18,55.52135
965,2017-09-15,55.365326
966,2017-09-14,55.28405
967,2017-09-13,54.623154
968,2017-09-12,53.987553
969,2017-09-11,53.73485
970,2017-09-08,54.20825
971,2017-09-07,54.269676
972,2017-09-06,53.837353
973,2017-09-05,52.777275
974,2017-09-04,52.3378
975,2017-09-01,52.63765
976,2017-08-31,51.4842
977,2017-08-30,51.34385
978,2017-08-29,51.8058
979,2017-08-28,52.18728
980,2017-08-25,52.336525
981,2017-08-24,52.255947
982,2017-08-23,52.080425
983,2017-08-22,51.862324
984,2017-08-21,52.086376
985,2017-08-18,51.936447
986,2017-08-17,50.60545
987,2017-08-16,50.70785
988,2017-08-15,50.661102
989,2017-08-14,51.359398
990,2017-08-11,51.59862
991,2017-08-10,52.50537
992,2017-08-09,52.31585
993,2017-08-08,52.190327
994,2017-08-07,52.022697
995,2017-08-04,52.021175
996,2017-08-03,52.164528
997,2017-08-02,51.82705
998,2017-08-01,52.11605
999,2017-07-31,52.621628
1000,2017-07-28,52.02975
1001,2017-07-27,51.16442
1002,2017-07-26,50.682873
1003,2017-07-25,49.504974
1004,2017-07-24,48.264748
1005,2017-07-21,48.7085
1006,2017-07-20,49.543877
1007,2017-07-19,49.160202
1008,2017-07-18,48.72175
1009,2017-07-17,48.73763
1010,2017-07-14,48.677452
1011,2017-07-13,47.953526
1012,2017-07-12,47.96343
1013,2017-07-11,47.201275
1014,2017-07-10,46.78325
1015,2017-07-07,47.063873
1016,2017-07-06,48.279526
1017,2017-07-05,48.66253
1018,2017-07-04,49.612724
1019,2017-07-03,49.172424
1020,2017-06-30,47.764526
1021,2017-06-29,47.568222
1022,2017-06-28,46.8557
1023,2017-06-27,46.482727
1024,2017-06-26,45.81465
1025,2017-06-23,45.404
1026,2017-06-22,45.039852
1027,2017-06-21,45.29235
1028,2017-06-20,46.443
1029,2017-06-19,47.18525
1030,2017-06-16,47.26405
1031,2017-06-15,46.9162
1032,2017-06-14,47.72097
1033,2017-06-13,48.46215
1034,2017-06-12,48.3999
1035,2017-06-09,47.968998
1036,2017-06-08,48.143024
1037,2017-06-07,49.0246
1038,2017-06-06,49.5811
1039,2017-06-05,49.768353
1040,2017-06-02,49.811676
1041,2017-06-01,50.846375
1042,2017-05-31,50.7237
1043,2017-05-30,51.747902
1044,2017-05-29,52.218426
1045,2017-05-26,51.7342
1046,2017-05-25,52.821526
1047,2017-05-24,54.125576
1048,2017-05-23,53.773674
1049,2017-05-22,53.938
1050,2017-05-19,53.244675
1051,2017-05-18,52.108326
1052,2017-05-17,51.817154
1053,2017-05-16,51.819424
1054,2017-05-15,51.98755
1055,2017-05-12,50.81195
1056,2017-05-11,50.733772
1057,2017-05-10,49.6721
1058,2017-05-09,49.060448
1059,2017-05-08,49.138523
1060,2017-05-05,48.493023
1061,2017-05-04,49.370377
1062,2017-05-03,50.73005
1063,2017-05-02,51.101173
1064,2017-04-28,51.687325
1065,2017-04-27,51.356075
1066,2017-04-26,51.824547
1067,2017-04-25,51.94275
1068,2017-04-24,51.95777
1069,2017-04-21,52.4471
1070,2017-04-20,53.10905
1071,2017-04-19,53.88015
1072,2017-04-18,55.124203
1073,2017-04-13,55.7882
1074,2017-04-12,56.0601
1075,2017-04-11,55.896824
1076,2017-04-10,55.756126
1077,2017-04-07,55.286377
1078,2017-04-06,54.57925
1079,2017-04-05,54.43435
1080,2017-04-04,53.5119
1081,2017-04-03,53.353775
1082,2017-03-31,52.722603
1083,2017-03-30,52.6065
1084,2017-03-29,51.93495
1085,2017-03-28,51.275078
1086,2017-03-27,50.524624
1087,2017-03-24,50.72785
1088,2017-03-23,50.654774
1089,2017-03-22,50.5225
1090,2017-03-21,51.44465
1091,2017-03-20,51.517624
1092,2017-03-17,51.767376
1093,2017-03-16,52.073925
1094,2017-03-15,51.77305
1095,2017-03-14,51.11405
1096,2017-03-13,51.3211
1097,2017-03-10,51.964573
1098,2017-03-09,52.923824
1099,2017-03-08,55.09823
1100,2017-03-07,56.080948
1101,2017-03-06,55.786724
1102,2017-03-03,55.476246
1103,2017-03-02,55.726448
1104,2017-03-01,56.5176
1105,2017-02-28,55.651024
1106,2017-02-27,56.261276
1107,2017-02-24,56.141224
1108,2017-02-23,56.62125
1109,2017-02-22,56.16345
1110,2017-02-21,56.74805
1111,2017-02-20,56.153797
1112,2017-02-17,55.60743
1113,2017-02-16,55.673603
1114,2017-02-15,55.815372
1115,2017-02-14,55.88775
1116,2017-02-13,56.010178
1117,2017-02-10,56.207146
1118,2017-02-09,55.594624
1119,2017-02-08,54.983498
1120,2017-02-07,55.2506
1121,2017-02-06,56.3223
1122,2017-02-03,56.855877
1123,2017-02-02,56.860374
1124,2017-02-01,56.059677
1125,2017-01-31,55.4099
1126,2017-01-30,55.3236
1127,2017-01-27,55.790253
1128,2017-01-26,55.86865
1129,2017-01-25,55.153397
1130,2017-01-24,55.446003
1131,2017-01-23,55.24305
1132,2017-01-20,55.00005
1133,2017-01-19,54.367775
1134,2017-01-18,54.8639
1135,2017-01-17,55.8852
1136,2017-01-16,55.513973
1137,2017-01-13,55.72177
1138,2017-01-12,55.70325
1139,2017-01-11,54.585873
1140,2017-01-10,54.47915
1141,2017-01-09,55.729977
1142,2017-01-06,56.80935
1143,2017-01-05,56.615578
1144,2017-01-04,56.0544
1145,2017-01-03,56.607773
1146,2016-12-30,56.9235
1147,2016-12-29,56.26545
1148,2016-12-28,56.24665
1149,2016-12-27,55.664852
1150,2016-12-23,54.7955
1151,2016-12-22,54.673775
1152,2016-12-21,55.108524
1153,2016-12-20,55.2728
1154,2016-12-19,55.160072
1155,2016-12-16,54.622025
1156,2016-12-15,53.953453
1157,2016-12-14,54.605927
1158,2016-12-13,55.66118
1159,2016-12-12,56.212875
1160,2016-12-09,54.13955
1161,2016-12-08,53.448853
1162,2016-12-07,53.446274
1163,2016-12-06,54.263954
1164,2016-12-05,54.55435
1165,2016-12-02,53.788677
1166,2016-12-01,52.9588
1167,2016-11-30,48.807304
1168,2016-11-29,47.03915
1169,2016-11-28,47.452927
1170,2016-11-25,47.84205
1171,2016-11-24,48.9705
1172,2016-11-23,49.05535
1173,2016-11-22,49.035526
1174,2016-11-21,48.283726
1175,2016-11-18,46.3517
1176,2016-11-17,46.57415
1177,2016-11-16,46.732777
1178,2016-11-15,46.158573
1179,2016-11-14,44.5458
1180,2016-11-11,45.078323
1181,2016-11-10,46.2041
1182,2016-11-09,46.095375
1183,2016-11-08,46.0842
1184,2016-11-07,46.06922
1185,2016-11-04,45.822174
1186,2016-11-03,46.721024
1187,2016-11-02,47.233376
1188,2016-11-01,48.450478
1189,2016-10-31,48.919575
1190,2016-10-28,49.97745
1191,2016-10-27,50.260925
1192,2016-10-26,50.1039
1193,2016-10-25,51.125874
1194,2016-10-24,51.459225
1195,2016-10-21,51.541374
1196,2016-10-20,51.816376
1197,2016-10-19,52.5068
1198,2016-10-18,51.7294
1199,2016-10-17,51.64035
1200,2016-10-14,52.08748
1201,2016-10-13,51.6354
1202,2016-10-12,52.28675
1203,2016-10-11,52.72785
1204,2016-10-10,52.513424
1205,2016-10-07,52.180748
1206,2016-10-06,52.0179
1207,2016-10-05,51.66175
1208,2016-10-04,50.748722
1209,2016-09-30,48.80585
1210,2016-09-29,48.790226
1211,2016-09-28,47.30575
1212,2016-09-27,46.37745
1213,2016-09-26,46.601276
1214,2016-09-23,46.82095
1215,2016-09-22,47.421227
1216,2016-09-21,46.797752
1217,2016-09-20,45.759598
1218,2016-09-19,46.298225
1219,2016-09-16,45.993877
1220,2016-09-15,46.2757
1221,2016-09-14,46.762276
1222,2016-09-13,47.433052
1223,2016-09-12,47.701424
1224,2016-09-09,48.7042
1225,2016-09-08,49.258347
1226,2016-09-07,47.686474
1227,2016-09-06,47.247726
1228,2016-09-05,47.9028
1229,2016-09-02,46.14565
1230,2016-09-01,46.3844
1231,2016-08-31,47.655098
1232,2016-08-30,49.013298
1233,2016-08-29,49.229248
1234,2016-08-26,49.74585
1235,2016-08-25,49.29695
1236,2016-08-24,49.173996
1237,2016-08-23,49.322475
1238,2016-08-22,49.58305
1239,2016-08-19,50.85205
1240,2016-08-18,50.32735
1241,2016-08-17,49.30835
1242,2016-08-16,48.60875
1243,2016-08-15,47.780647
1244,2016-08-12,46.567177
1245,2016-08-11,44.88787
1246,2016-08-10,44.457275
1247,2016-08-09,45.1044
1248,2016-08-08,44.9369
1249,2016-08-05,44.107826
1250,2016-08-04,43.518574
1251,2016-08-03,42.545876
1252,2016-08-02,42.2248
1253,2016-08-01,42.79575
1254,2016-07-29,42.289326
1255,2016-07-28,43.04905
1256,2016-07-27,44.096275
1257,2016-07-26,44.6893
1258,2016-07-25,45.12445
1259,2016-07-22,45.8051
1260,2016-07-21,46.804504
1261,2016-07-20,46.748127
1262,2016-07-19,46.90195
1263,2016-07-18,47.214897
1264,2016-07-15,47.289776
1265,2016-07-14,46.92832
1266,2016-07-13,47.052124
1267,2016-07-12,47.475475
1268,2016-07-11,46.347725
1269,2016-07-08,46.681526
1270,2016-07-07,47.800247
1271,2016-07-06,48.230972
1272,2016-07-05,48.674454
1273,2016-07-04,50.362274
1274,2016-07-01,50.131973
1275,2016-06-30,49.898453
1276,2016-06-29,49.413975
1277,2016-06-28,48.174824
1278,2016-06-27,48.024803
1279,2016-06-24,48.493374
1280,2016-06-23,50.468678
1281,2016-06-22,50.339024
1282,2016-06-21,50.1991
1283,2016-06-20,50.143974
1284,2016-06-17,48.514473
1285,2016-06-16,47.753525
1286,2016-06-15,49.048126
1287,2016-06-14,49.78698
1288,2016-06-13,50.06775
1289,2016-06-10,50.941425
1290,2016-06-09,52.17507
1291,2016-06-08,51.96427
1292,2016-06-07,50.997803
1293,2016-06-06,50.250076
1294,2016-06-03,49.8191
1295,2016-06-02,49.68645
1296,2016-06-01,49.480526
1297,2016-05-31,49.619625
1298,2016-05-30,49.36512
1299,2016-05-27,49.148552
1300,2016-05-26,49.838226
1301,2016-05-25,49.478825
1302,2016-05-24,48.45925
1303,2016-05-23,48.24335
1304,2016-05-20,48.797024
1305,2016-05-19,48.334175
1306,2016-05-18,49.016975
1307,2016-05-17,49.233677
1308,2016-05-16,48.881847
1309,2016-05-13,47.683678
1310,2016-05-12,47.625046
1311,2016-05-11,46.2537
1312,2016-05-10,44.8536
1313,2016-05-09,44.80255
1314,2016-05-06,45.054523
1315,2016-05-05,72.42203
1316,2016-05-04,44.981174
1317,2016-05-03,45.60395
1318,2016-05-02,46.4606
1319,2016-04-29,48.07885
1320,2016-04-28,47.350777
1321,2016-04-27,46.68115
1322,2016-04-26,45.27895
1323,2016-04-25,45.01155
1324,2016-04-22,45.06575
1325,2016-04-21,45.33775
1326,2016-04-20,44.318024
1327,2016-04-19,43.849773
1328,2016-04-18,42.07655
1329,2016-04-15,43.35125
1330,2016-04-14,43.807426
1331,2016-04-13,44.151722
1332,2016-04-12,43.66965
1333,2016-04-11,42.24512
1334,2016-04-08,40.98235
1335,2016-04-07,39.6828
1336,2016-04-06,39.127525
1337,2016-04-05,37.675724
1338,2016-04-04,38.036476
1339,2016-04-01,39.8031
1340,2016-03-31,40.066475
1341,2016-03-30,40.40782
1342,2016-03-29,39.9193
1343,2016-03-24,40.759575
1344,2016-03-23,41.737503
1345,2016-03-22,42.271027
1346,2016-03-21,41.83375
1347,2016-03-18,41.62625
1348,2016-03-17,41.07125
1349,2016-03-16,39.62625
1350,2016-03-15,39.13625
1351,2016-03-14,39.8375
1352,2016-03-11,40.53875
1353,2016-03-10,40.442497
1354,2016-03-09,40.18125
1355,2016-03-08,40.21125
1356,2016-03-07,39.9825
1357,2016-03-04,37.943752
1358,2016-03-03,36.94625
1359,2016-03-02,36.802498
1360,2016-03-01,36.53875
1361,2016-02-29,36.052498
1362,2016-02-26,35.82875
1363,2016-02-25,35.05375
1364,2016-02-24,34.2825
1365,2016-02-23,34.55375
1366,2016-02-22,34.6075
1367,2016-02-19,34.145
1368,2016-02-18,35.18125
1369,2016-02-17,33.59375
1370,2016-02-16,33.64
1371,2016-02-15,33.449997
1372,2016-02-12,32.19
1373,2016-02-11,30.731249
1374,2016-02-10,31.054998
1375,2016-02-09,31.99125
1376,2016-02-08,33.68375
1377,2016-02-05,34.393753
1378,2016-02-04,34.9375
1379,2016-02-03,33.91125
1380,2016-02-02,33.15
1381,2016-02-01,34.905
1382,2016-01-29,35.44875
1383,2016-01-28,34.7975
1384,2016-01-27,32.9175
1385,2016-01-26,31.6175
1386,2016-01-25,32.05125
1387,2016-01-22,31.393751
1388,2016-01-21,29.341251
1389,2016-01-20,28.77625
1390,2016-01-19,29.111252
1391,2016-01-18,28.71
1392,2016-01-15,29.900002
1393,2016-01-14,30.43625
1394,2016-01-13,30.775
1395,2016-01-12,31.43125
1396,2016-01-11,32.54375
1397,2016-01-08,34.13625
1398,2016-01-07,34.11
1399,2016-01-06,35.9
1400,2016-01-05,37.38625
1401,2016-01-04,37.95625
1402,2016-01-01,37.595
1403,2015-12-31,37.08
1404,2015-12-30,36.96875
1405,2015-12-29,37.114998
1406,2015-12-28,37.107502
1407,2015-12-25,37.92
1408,2015-12-24,37.69375
1409,2015-12-23,37.07625
1410,2015-12-22,36.36625
1411,2015-12-21,36.38
1412,2015-12-18,36.89875
1413,2015-12-17,37.26625
1414,2015-12-16,37.99375
1415,2015-12-15,38.4975
1416,2015-12-14,37.887497
1417,2015-12-11,39.004997
1418,2015-12-10,40.345
1419,2015-12-09,40.805
1420,2015-12-08,41.065
1421,2015-12-07,42.278748
1422,2015-12-04,43.69125
1423,2015-12-03,43.5
1424,2015-12-02,43.47375
1425,2015-12-01,44.53125
1426,2015-11-30,44.88875
1427,2015-11-27,45.161247
1428,2015-11-26,45.77625
1429,2015-11-25,45.923748
1430,2015-11-24,45.642498
1431,2015-11-23,44.68375
1432,2015-11-20,44.56375
1433,2015-11-19,44.30625
1434,2015-11-18,44.071247
1435,2015-11-17,44.322502
1436,2015-11-16,44.496246
1437,2015-11-13,44.93875
1438,2015-11-12,46.07125
1439,2015-11-11,47.32625
1440,2015-11-10,47.99625
1441,2015-11-09,48.357502
1442,2015-11-06,48.69375
1443,2015-11-05,49.247498
1444,2015-11-04,50.4175
1445,2015-11-03,49.627502
1446,2015-11-02,49.114998
1447,2015-10-30,49.11125
1448,2015-10-29,48.76375
1449,2015-10-28,47.92875
1450,2015-10-27,47.12375
1451,2015-10-26,47.7675
1452,2015-10-23,48.1325
1453,2015-10-22,48.13125
1454,2015-10-21,48.166252
1455,2015-10-20,48.688747
1456,2015-10-19,49.6
1457,2015-10-16,50.13375
1458,2015-10-15,49.68375
1459,2015-10-14,49.578747
1460,2015-10-13,50.24375
1461,2015-10-12,51.895
1462,2015-10-09,53.3175
1463,2015-10-08,52.862503
1464,2015-10-07,52.5
1465,2015-10-06,51.22375
1466,2015-10-05,48.87
1467,2015-10-02,47.94875
1468,2015-10-01,48.50125
1469,2015-09-30,48.2875
1470,2015-09-29,47.80375
1471,2015-09-28,47.85375
1472,2015-09-25,48.355003
1473,2015-09-24,48.0075
1474,2015-09-23,48.7175
1475,2015-09-22,48.66
1476,2015-09-21,48.177498
1477,2015-09-18,48.464996
1478,2015-09-17,49.378746
1479,2015-09-16,48.94375
1480,2015-09-15,47.747498
1481,2015-09-14,48.2525
1482,2015-09-11,49.17125
1483,2015-09-10,48.9675
1484,2015-09-09,49.4625
1485,2015-09-08,49.58
1486,2015-09-07,49.26125
1487,2015-09-04,50.894997
1488,2015-09-03,50.81625
1489,2015-09-02,49.5425
1490,2015-09-01,50.6725
1491,2015-08-31,51.207497
1492,2015-08-28,48.699997
1493,2015-08-27,45.485
1494,2015-08-26,43.375
1495,2015-08-25,43.365
1496,2015-08-24,43.769997
1497,2015-08-21,45.826252
1498,2015-08-20,46.6175
1499,2015-08-19,47.8325
1500,2015-08-18,48.614998
1501,2015-08-17,48.76125
1502,2015-08-14,49.20625
1503,2015-08-13,49.98375
1504,2015-08-12,49.993748
1505,2015-08-11,50.36875
1506,2015-08-10,49.96
1507,2015-08-07,49.77625
1508,2015-08-06,50.09375
1509,2015-08-05,50.56125
1510,2015-08-04,50.03125
1511,2015-08-03,50.716248
1512,2015-07-31,52.53625
1513,2015-07-30,53.57125
1514,2015-07-29,53.37625
1515,2015-07-28,53.122498
1516,2015-07-27,53.79125
1517,2015-07-24,55.02375
1518,2015-07-23,55.787502
1519,2015-07-22,56.3975
1520,2015-07-21,56.82125
1521,2015-07-20,56.83
1522,2015-07-17,56.997498
1523,2015-07-16,57.343754
1524,2015-07-15,58.0325
1525,2015-07-14,58.095
1526,2015-07-13,58.21
1527,2015-07-10,58.956253
1528,2015-07-09,58.22875
1529,2015-07-08,57.458748
1530,2015-07-07,57.364998
1531,2015-07-06,58.356247
1532,2015-07-03,61.153748
1533,2015-07-02,62.23875
1534,2015-07-01,62.59375
1535,2015-06-30,62.706253
1536,2015-06-29,62.222504
1537,2015-06-26,63.14
1538,2015-06-25,63.38375
1539,2015-06-24,64.03625
1540,2015-06-23,63.87875
1541,2015-06-22,62.987503
1542,2015-06-19,63.44375
1543,2015-06-18,64.09625
1544,2015-06-17,63.868748
1545,2015-06-16,63.845
1546,2015-06-15,64.104996
1547,2015-06-12,65.085
1548,2015-06-11,65.90125
1549,2015-06-10,66.015
1550,2015-06-09,64.51875
1551,2015-06-08,63.48375
1552,2015-06-05,63.0925
1553,2015-06-04,63.667503
1554,2015-06-03,64.44125
1555,2015-06-02,65.14
1556,2015-06-01,64.97
1557,2015-05-29,64.270004
1558,2015-05-28,62.4025
1559,2015-05-27,63.215
1560,2015-05-26,64.6075
1561,2015-05-25,65.5625
1562,2015-05-22,65.92125
1563,2015-05-21,65.81875
1564,2015-05-20,64.63
1565,2015-05-19,65.253746
1566,2015-05-18,66.7275
1567,2015-05-15,66.47125
1568,2015-05-14,66.942505
1569,2015-05-13,67.49375
1570,2015-05-12,66.62625
1571,2015-05-11,65.815
1572,2015-05-08,66.12624
1573,2015-05-07,67.31875
1574,2015-05-06,68.74125
1575,2015-05-05,67.8975
1576,2015-05-04,66.74875
1577,2015-05-01,66.395
1578,2015-04-30,66.128746
1579,2015-04-29,65.25
1580,2015-04-28,64.6325
1581,2015-04-27,65.0025
1582,2015-04-24,65.075
1583,2015-04-23,63.809998
1584,2015-04-22,62.3425
1585,2015-04-21,62.567497
1586,2015-04-20,63.543747
1587,2015-04-17,63.738747
1588,2015-04-16,63.34375
1589,2015-04-15,61.63375
1590,2015-04-14,59.722496
1591,2015-04-13,59.338745
1592,2015-04-10,58.4075
1593,2015-04-09,57.8625
1594,2015-04-08,58.255
1595,2015-04-07,59.26125
1596,2015-04-06,58.063747
1597,2015-04-03,56.215
1598,2015-04-02,55.7725
1599,2015-04-01,55.96625
1600,2015-03-31,55.577503
1601,2015-03-30,56.13625
1602,2015-03-27,57.40625
1603,2015-03-26,58.32125
1604,2015-03-25,55.885
1605,2015-03-24,55.68125
1606,2015-03-23,55.215004
1607,2015-03-20,54.74375
1608,2015-03-19,54.95625
1609,2015-03-18,54.79
1610,2015-03-17,53.58625
1611,2015-03-16,54.115
1612,2015-03-13,56.177498
1613,2015-03-12,57.778748
1614,2015-03-11,57.55125
1615,2015-03-10,57.956253
1616,2015-03-09,59.61
1617,2015-03-06,60.7375
1618,2015-03-05,61.255
1619,2015-03-04,60.4025
1620,2015-03-03,60.6725
1621,2015-03-02,60.954998
1622,2015-02-27,61.868748
1623,2015-02-26,61.08875
1624,2015-02-25,60.307503
1625,2015-02-24,59.02375
1626,2015-02-23,59.567505
1627,2015-02-20,60.34375
1628,2015-02-19,59.63
1629,2015-02-18,60.84
1630,2015-02-17,61.807503
1631,2015-02-16,61.63375
1632,2015-02-13,60.348747
1633,2015-02-12,57.95
1634,2015-02-11,56.91125
1635,2015-02-10,58.4075
1636,2015-02-09,59.129997
1637,2015-02-06,58.667503
1638,2015-02-05,56.20375
1639,2015-02-04,57.08125
1640,2015-02-03,57.44875
1641,2015-02-02,53.316254
1642,2015-01-30,50.86125
1643,2015-01-29,48.842503
1644,2015-01-28,48.8975
1645,2015-01-27,48.79375
1646,2015-01-26,48.35125
1647,2015-01-23,49.066254
1648,2015-01-22,49.0525
1649,2015-01-21,48.70625
1650,2015-01-20,48.557503
1651,2015-01-19,49.43875
1652,2015-01-16,49.1875
1653,2015-01-15,49.57625
1654,2015-01-14,48.743748
1655,2015-01-13,47.691246
1656,2015-01-12,49.48125
1657,2015-01-09,51.5125
1658,2015-01-08,52.13125
1659,2015-01-07,51.755005
1660,2015-01-06,53.13625
1661,2015-01-05,54.506252
1662,2015-01-02,56.78
1663,2015-01-01,57.56
1664,2014-12-31,57.07125
1665,2014-12-30,57.65875
1666,2014-12-29,59.458748
1667,2014-12-26,60.07125
1668,2014-12-25,60.17
1669,2014-12-24,60.67875
1670,2014-12-23,60.9225
1671,2014-12-22,61.20375
1672,2014-12-19,60.9075
1673,2014-12-18,60.981255
1674,2014-12-17,60.605
1675,2014-12-16,60.09125
1676,2014-12-15,61.87875
1677,2014-12-12,62.767498
1678,2014-12-11,64.25
1679,2014-12-10,65.42625
1680,2014-12-09,66.57875
1681,2014-12-08,67.58375
1682,2014-12-05,69.41875
1683,2014-12-04,69.8125
1684,2014-12-03,70.535
1685,2014-12-02,71.62625
1686,2014-12-01,70.4775
1687,2014-11-28,71.1575
1688,2014-11-27,74.64375
1689,2014-11-26,77.96625
1690,2014-11-25,79.0275
1691,2014-11-24,80.01875
1692,2014-11-21,80.265
1693,2014-11-20,78.87375
1694,2014-11-19,78.54125
1695,2014-11-18,78.853745
1696,2014-11-17,78.924995
1697,2014-11-14,78.5475
1698,2014-11-13,79.17875
1699,2014-11-12,81.337494
1700,2014-11-11,82.26375
1701,2014-11-10,83.735
1702,2014-11-07,83.50875
1703,2014-11-06,83.38375
1704,2014-11-05,83.5825
1705,2014-11-04,83.93125
1706,2014-11-03,85.11375
1707,2014-10-31,85.67
1708,2014-10-30,86.447495
1709,2014-10-29,86.78875
1710,2014-10-28,85.7375
1711,2014-10-27,85.48625
1712,2014-10-24,86.26
1713,2014-10-23,85.6575
1714,2014-10-22,85.597496
1715,2014-10-21,85.83
1716,2014-10-20,85.67
1717,2014-10-17,86.315
1718,2014-10-16,85.104996
1719,2014-10-15,84.655
1720,2014-10-14,87.2525
1721,2014-10-13,89.06625
1722,2014-10-10,89.58875
1723,2014-10-09,91.07124
1724,2014-10-08,91.9025
1725,2014-10-07,92.762505
1726,2014-10-06,92.333755
1727,2014-10-03,92.1575
1728,2014-10-02,93.5125
1729,2014-10-01,94.7625
1730,2014-09-30,96.00875
1731,2014-09-29,96.85875
1732,2014-09-26,96.979996
1733,2014-09-25,96.96
1734,2014-09-24,96.69625
1735,2014-09-23,97.00001
1736,2014-09-22,97.37625
1737,2014-09-19,97.92125
1738,2014-09-18,98.2025
1739,2014-09-17,98.93
1740,2014-09-16,98.42874
1741,2014-09-15,97.66499
1742,2014-09-12,98.485
1743,2014-09-11,98.618744
1744,2014-09-10,99.39125
1745,2014-09-09,100.494995
1746,2014-09-08,100.93
1747,2014-09-05,101.89499
1748,2014-09-04,102.71625
1749,2014-09-03,101.5775
1750,2014-09-02,101.98375
1751,2014-09-01,102.901245
1752,2014-08-29,102.8575
1753,2014-08-28,102.655
1754,2014-08-27,102.573746
1755,2014-08-26,102.7625
1756,2014-08-25,102.27376
1757,2014-08-22,102.36375
1758,2014-08-21,102.16
1759,2014-08-20,101.88625
1760,2014-08-19,101.57625
1761,2014-08-18,102.49875
1762,2014-08-15,102.848755
1763,2014-08-14,103.46625
1764,2014-08-13,104.221245
1765,2014-08-12,104.47125
1766,2014-08-11,105.54125
1767,2014-08-08,106.105
1768,2014-08-07,105.802505
1769,2014-08-06,105.503746
1770,2014-08-05,105.61749
1771,2014-08-04,105.155
1772,2014-08-01,105.243744
1773,2014-07-31,105.887505
1774,2014-07-30,106.80625
1775,2014-07-29,107.54125
1776,2014-07-28,107.68749
1777,2014-07-25,107.621254
1778,2014-07-24,107.59375
1779,2014-07-23,107.6625
1780,2014-07-22,107.473755
1781,2014-07-21,107.37375
1782,2014-07-18,107.76125
1783,2014-07-17,107.79625
1784,2014-07-16,107.1875
1785,2014-07-15,106.91625
1786,2014-07-14,107.50624
1787,2014-07-11,108.02374
1788,2014-07-10,108.588745
1789,2014-07-09,108.69501
1790,2014-07-08,109.49875
1791,2014-07-07,110.285
1792,2014-07-04,110.86875
1793,2014-07-03,110.9
1794,2014-07-02,111.615005
1795,2014-07-01,112.26125
1796,2014-06-30,112.685005
1797,2014-06-27,113.23875
1798,2014-06-26,113.651245
1799,2014-06-25,113.899994
1800,2014-06-24,114.08875
1801,2014-06-23,114.6375
1802,2014-06-20,114.777504
1803,2014-06-19,114.770004
1804,2014-06-18,113.765
1805,2014-06-17,113.09
1806,2014-06-16,112.8925
1807,2014-06-13,112.802505
1808,2014-06-12,111.09125
1809,2014-06-11,109.22375
1810,2014-06-10,108.98625
1811,2014-06-09,108.5225
1812,2014-06-06,108.115
1813,2014-06-05,107.74875
1814,2014-06-04,108.009995
1815,2014-06-03,108.765
1816,2014-06-02,109.22125
1817,2014-05-30,109.72875
1818,2014-05-29,110.043755
1819,2014-05-28,110.026245
1820,2014-05-27,110.28
1821,2014-05-26,110.221245
1822,2014-05-23,110.463745
1823,2014-05-22,110.518745
1824,2014-05-21,110.1725
1825,2014-05-20,109.573746
1826,2014-05-19,109.715
1827,2014-05-16,109.4775
1828,2014-05-15,109.19625
1829,2014-05-14,109.027504
1830,2014-05-13,108.175
1831,2014-05-12,107.75125
1832,2014-05-09,107.57
1833,2014-05-08,107.34125
1834,2014-05-07,107.105
1835,2014-05-06,106.8775
1836,2014-05-05,107.99375
1837,2014-05-02,108.23125
1838,2014-05-01,107.681244
1839,2014-04-30,108.284996
1840,2014-04-29,108.70125
1841,2014-04-28,109.0275
1842,2014-04-25,109.88625
1843,2014-04-24,109.853745
1844,2014-04-23,109.09375
1845,2014-04-22,109.38875
1846,2014-04-17,109.60249
1847,2014-04-16,109.543755
1848,2014-04-15,109.0125
